<?xml version="1.0" encoding="utf-8" ?>
<dwsync>
<file name="addressChangeForm.php" local="129507444600000000" remote="129507444600000000" testing="0" />
<file name="createClass.php" local="129507444600000000" remote="129507444600000000" testing="0" />
<file name="crestChangeForm.php" local="129507444600000000" remote="129507444600000000" testing="0" />
<file name="deleteClass.php" local="129509672400000000" remote="129509672400000000" testing="0" />
<file name="editClass.php" local="129507444600000000" remote="129507444600000000" testing="0" />
<file name="emailChangeForm.php" local="129507444600000000" remote="129507444600000000" testing="0" />
<file name="forgotPassword.php" local="129507444600000000" remote="129507444600000000" testing="0" />
<file name="joinClass.php" local="129507444600000000" remote="129507444600000000" testing="0" />
<file name="mapChangeForm.php" local="129507444600000000" remote="129507444600000000" testing="0" />
<file name="passwordChangeForm.php" local="129507444600000000" remote="129507444600000000" testing="0" />
<file name="pictureChangeForm.php" local="129507444600000000" remote="129507444600000000" testing="0" />
<file name="policyChangeForm.php" local="129507444600000000" remote="129507444600000000" testing="0" />
<file name="teacherSubjectSelectForm.php" local="129507444600000000" remote="129507444600000000" testing="0" />
<file name="viewHomework.php" local="129507444600000000" remote="129507444600000000" testing="0" />
</dwsync>