<?xml version="1.0" encoding="utf-8" ?>
<dwsync>
<file name="addToNoticeboard.php" local="129507444600000000" remote="129507444600000000" testing="0" />
<file name="editlinks.php" local="129513223200000000" remote="129513223200000000" testing="0" />
<file name="noticeboard.php" local="129507444600000000" remote="129507444600000000" testing="0" />
<file name="schoolMap.php" local="129507444600000000" remote="129507444600000000" testing="0" />
<file name="schoolOptions.php" local="129507444600000000" remote="129507444600000000" testing="0" />
<file name="teacherList.php" local="129507444600000000" remote="129507444600000000" testing="0" />
<file name="timetable.php" local="129507457800000000" remote="129507457800000000" testing="0" />
<file name="vmenu.php" local="129513202800000000" remote="129513202800000000" testing="0" />
</dwsync>