<?xml version="1.0" encoding="utf-8" ?>
<dwsync>
<file name="addToNoticeboard.php" local="129507444600000000" remote="129507444600000000" testing="0" />
<file name="Copy [2] of getTimeTable.php" local="129507444600000000" remote="129507444600000000" testing="0" />
<file name="getBooks.php" local="129507444600000000" remote="129507444600000000" testing="0" />
<file name="getNoticeBoard.php" local="129507444600000000" remote="129507444600000000" testing="0" />
<file name="getNoticeBoardImgSrc.php" local="129507444600000000" remote="129507444600000000" testing="0" />
<file name="getSchoolSelect.php" local="129507444600000000" remote="129507444600000000" testing="0" />
<file name="getTimeTable.php" local="129507444600000000" remote="129507444600000000" testing="0" />
<file name="incl_listdir.php" local="129507444600000000" remote="129507444600000000" testing="0" />
<file name="listdir.php" local="129507444600000000" remote="129507444600000000" testing="0" />
<file name="schoolLinks.php" local="129507444600000000" remote="129507444600000000" testing="0" />
</dwsync>